{"cameraMode":{"drawMode":0,"name":"Shaded","section":"Shading Mode"},"sceneLighting":true,"audioPlay":false,"sceneViewState":{"showFog":true,"showMaterialUpdate":false,"showSkybox":true,"showFlares":true,"showImageEffects":true,"showParticleSystems":true},"in2DMode":false,"pivot":{"x":-6.800000190734863,"y":10.300000190734864,"z":-9.899999618530274},"rotation":{"x":-0.18264104425907136,"y":0.28922587633132937,"z":-0.05631687864661217,"w":-0.9379869699478149},"size":10.0,"orthographic":false}